customer_id,transaction_id,transaction_date,transaction_amount,payment_mode,amount_category,transaction_month,customer_name,city,status
c041,t0294,2025-03-05,7848.0,netbanking,High,3,Customer_041,Hyd,inactive
c022,t0220,2025-01-21,7561.0,wallet,High,1,Customer_022,Kochi,active
c085,t0201,2025-01-13,6533.0,upi,High,1,Customer_085,Trivandrum,active
c094,t0300,2025-01-06,1038.0,wallet,High,1,Customer_094,Chennai,active
c104,t0177,2025-03-23,4943.0,cash,High,3,Customer_104,Mumbai,active
c090,t0184,2025-03-24,4071.0,cash,High,3,Customer_090,Kochi,active
c140,t0127,2025-03-24,1192.0,netbanking,High,3,Customer_140,Hyderabad,active
c057,t0119,2025-03-24,7806.0,upi,High,3,Customer_057,Trivandrum,active
c074,t0263,2025-03-30,3479.0,cash,High,3,Customer_074,Trivandrum,active
c051,t0014,2025-01-10,4178.0,cash,High,1,Customer_051,Trivandrum,active
c114,t0126,2025-01-31,1827.0,upi,High,1,Customer_114,Bengaluru,active
c047,t0212,2025-03-30,2912.0,netbanking,High,3,Customer_047,Pune,active
c145,t0097,2025-03-29,2985.0,card,High,3,Customer_145,Kochi,active
c142,t0219,2025-01-14,2242.0,upi,High,1,Customer_142,Chennai,active
c082,t0290,2025-01-31,2207.0,upi,High,1,Customer_082,Hyderabad,inactive
c078,t0121,2025-03-05,1792.0,card,High,3,Customer_078,Trivandrum,inactive
c009,t0125,2025-03-30,3759.0,netbanking,High,3,Customer_009,Pune,active
c030,t0183,2025-03-09,3376.0,upi,High,3,Customer_030,Chennai,active
c001,t0102,2025-02-08,7151.0,upi,High,2,Customer_001,Trivandrum,active
c077,t0047,2025-03-17,5203.0,wallet,High,3,Customer_077,Hyderabad,inactive
c080,t0164,2025-02-11,9968.0,cash,High,2,Customer_080,Chennai,inactive
c135,t0181,2025-01-11,5283.0,upi,High,1,Customer_135,Coimbatore,active
c090,t0222,2025-01-04,1072.0,netbanking,High,1,Customer_090,Kochi,active
c136,t0217,2025-02-23,3471.0,wallet,High,2,Customer_136,Chennai,active
c069,t0159,2025-01-04,4677.0,upi,High,1,Customer_069,Poona,active
c012,t0237,2025-03-23,6316.0,upi,High,3,Customer_012,Coimbatore,active
c091,t0240,2025-03-11,3068.0,netbanking,High,3,Customer_091,Hyderabad,active
c071,t0106,2025-01-02,1003.0,wallet,High,1,Customer_071,Chennai,active
c107,t0111,2025-01-23,2365.0,wallet,High,1,Customer_107,Hyderabad,active
c027,t0196,2025-02-13,8466.0,card,High,2,Customer_027,Coimbatore,inactive
c080,t0271,2025-02-20,8812.0,netbanking,High,2,Customer_080,Chennai,inactive
c062,t0073,2025-01-21,9224.0,cash,High,1,Customer_062,Trivandrum,active
c023,t0265,2025-03-29,5892.0,cash,High,3,Customer_023,Coimbatore,active
c098,t0091,2025-02-10,8194.0,wallet,High,2,Customer_098,Coimbatore,active
c130,t0296,2025-02-28,3724.0,wallet,High,2,Customer_130,Cmbt,active
c031,t0034,2025-03-10,3338.0,card,High,3,Customer_031,Trivandrum,active
c104,t0001,2025-01-22,2291.0,wallet,High,1,Customer_104,Mumbai,active
c005,t0238,2025-02-15,5849.0,card,High,2,Customer_005,Bengaluru,active
c033,t0274,2025-03-12,9830.0,card,High,3,Customer_033,Kochi,active
c001,t0061,2025-01-03,9641.0,cash,High,1,Customer_001,Trivandrum,active
c066,t0113,2025-03-03,5749.0,cash,High,3,Customer_066,Mumbai,active
c037,t0255,2025-03-19,770.0,card,High,3,Customer_037,Trivandrum,active
c074,t0066,2025-03-26,9212.0,cash,High,3,Customer_074,Trivandrum,active
c146,t0023,2025-03-20,5711.0,cash,High,3,Customer_146,Coimbatore,inactive
c085,t0032,2025-02-15,4638.0,upi,High,2,Customer_085,Trivandrum,active
c121,t0064,2025-02-14,5660.0,upi,High,2,Customer_121,Hyderabad,active
c071,t0026,2025-03-13,8664.0,card,High,3,Customer_071,Chennai,active
c117,t0148,2025-02-21,1757.0,upi,High,2,Customer_117,Hyderabad,active
c021,t0059,2025-03-18,7278.0,upi,High,3,Customer_021,Bengaluru,active
c136,t0145,2025-02-07,8482.0,wallet,High,2,Customer_136,Chennai,active
c064,t0009,2025-01-26,2696.0,card,High,1,Customer_064,Coimbatore,active
c016,t0048,2025-03-20,3604.0,card,High,3,Customer_016,Coimbatore,active
c111,t0096,2025-01-19,8902.0,netbanking,High,1,Customer_111,Coimbatore,active
c012,t0213,2025-02-22,4091.0,netbanking,High,2,Customer_012,Coimbatore,active
c070,t0058,2025-03-06,8290.0,netbanking,High,3,Customer_070,Chennai,active
c118,t0100,2025-02-02,7822.0,upi,High,2,Customer_118,Hyderabad,active
c047,t0063,2025-03-16,8256.0,cash,High,3,Customer_047,Pune,active
c118,t0179,2025-03-30,1643.0,netbanking,High,3,Customer_118,Hyderabad,active
c113,t0072,2025-03-31,2189.0,cash,High,3,Customer_113,Kochi,active
c128,t0107,2025-02-06,5972.0,card,High,2,Customer_128,Trivandrum,inactive
c107,t0287,2025-03-03,3542.0,upi,High,3,Customer_107,Hyderabad,active
c005,t0136,2025-01-23,1058.0,card,High,1,Customer_005,Bengaluru,active
c105,t0120,2025-01-15,942.0,cash,High,1,Customer_105,Bengaluru,active
c053,t0131,2025-01-09,3594.0,wallet,High,1,Customer_053,Mumbai,active
c011,t0282,2025-01-04,944.0,wallet,High,1,Customer_011,Mumbai,inactive
c065,t0033,2025-01-30,3355.0,upi,High,1,Customer_065,Kochi,active
c140,t0083,2025-02-18,5472.0,card,High,2,Customer_140,Hyderabad,active
c130,t0236,2025-03-12,6597.0,netbanking,High,3,Customer_130,Cmbt,active
c004,t0040,2025-03-15,7890.0,netbanking,High,3,Customer_004,Trivandrum,active
c099,t0257,2025-03-14,2713.0,netbanking,High,3,Customer_099,Bengaluru,inactive
c045,t0050,2025-03-12,2764.0,cash,High,3,Customer_045,Coimbatore,inactive
c058,t0046,2025-03-08,7581.0,netbanking,High,3,Customer_058,Trivandrm,active
c033,t0038,2025-02-05,1093.0,wallet,High,2,Customer_033,Kochi,active
c086,t0225,2025-01-19,827.0,upi,High,1,Customer_086,Chennai,active
c128,t0261,2025-03-08,9402.0,cash,High,3,Customer_128,Trivandrum,inactive
c142,t0270,2025-01-17,1612.0,cash,High,1,Customer_142,Chennai,active
c148,t0105,2025-02-07,559.0,netbanking,High,2,Customer_148,Coimbatore,active
c083,t0188,2025-03-22,2673.0,netbanking,High,3,Customer_083,Kochi,active
c049,t0108,2025-03-21,2440.0,cash,High,3,Customer_049,Bengaluru,active
c075,t0076,2025-03-07,7007.0,netbanking,High,3,Customer_075,Pune,active
c079,t0295,2025-03-05,1675.0,netbanking,High,3,Customer_079,Trivandrm,active
c005,t0029,2025-01-12,3830.0,netbanking,High,1,Customer_005,Bengaluru,active
c008,t0162,2025-01-12,3724.0,netbanking,High,1,Customer_008,Coimbatore,active
c073,t0199,2025-02-19,5743.0,wallet,High,2,Customer_073,Bengaluru,active
c019,t0053,2025-03-29,4534.0,wallet,High,3,Customer_019,Trivandrum,active
c120,t0114,2025-01-10,3896.0,netbanking,High,1,Customer_120,Hyderabad,active
c108,t0163,2025-02-28,2778.0,upi,High,2,Customer_108,Pune,active
c129,t0223,2025-02-17,6526.0,cash,High,2,Customer_129,Bengaluru,active
c121,t0007,2025-01-03,1053.0,upi,High,1,Customer_121,Hyderabad,active
c065,t0202,2025-03-26,2663.0,upi,High,3,Customer_065,Kochi,active
c117,t0286,2025-01-10,2789.0,netbanking,High,1,Customer_117,Hyderabad,active
c021,t0278,2025-02-02,9224.0,upi,High,2,Customer_021,Bengaluru,active
c022,t0027,2025-01-31,8204.0,wallet,High,1,Customer_022,Kochi,active
c008,t0284,2025-03-05,9138.0,upi,High,3,Customer_008,Coimbatore,active
c123,t0241,2025-03-22,2409.0,cash,High,3,Customer_123,Bengaluru,active
c059,t0093,2025-01-12,1812.0,cash,High,1,Customer_059,Chennai,active
c068,t0117,2025-03-16,6286.0,cash,High,3,Customer_068,Kochi,active
c040,t0281,2025-01-22,5731.0,wallet,High,1,Customer_040,Trivandrum,inactive
c093,t0269,2025-03-12,6244.0,netbanking,High,3,Customer_093,Chennai,active
c010,t0092,2025-03-21,4046.0,upi,High,3,Customer_010,Pune,active
c034,t0211,2025-03-18,2727.0,card,High,3,Customer_034,Hyderabad,active
c039,t0086,2025-03-05,2268.0,wallet,High,3,Customer_039,Kochi,active
c002,t0190,2025-01-08,8512.0,cash,High,1,Customer_002,Chennai,active
c036,t0259,2025-03-09,6721.0,upi,High,3,Customer_036,Hyderabad,active
c149,t0081,2025-03-26,2634.0,netbanking,High,3,Customer_149,Bengaluru,active
c123,t0141,2025-02-21,1968.0,netbanking,High,2,Customer_123,Bengaluru,active
c087,t0160,2025-02-14,3172.0,card,High,2,Customer_087,Poona,inactive
c056,t0132,2025-01-30,2617.0,wallet,High,1,Customer_056,Kochi,inactive
c057,t0182,2025-02-12,1451.0,wallet,High,2,Customer_057,Trivandrum,active
c058,t0156,2025-01-14,9313.0,upi,High,1,Customer_058,Trivandrm,active
c145,t0161,2025-03-26,1340.0,card,High,3,Customer_145,Kochi,active
c130,t0193,2025-02-19,9708.0,wallet,High,2,Customer_130,Cmbt,active
c091,t0025,2025-02-03,4781.0,wallet,High,2,Customer_091,Hyderabad,active
c076,t0250,2025-02-11,1511.0,upi,High,2,Customer_076,Pune,active
c073,t0214,2025-02-27,8949.0,card,High,2,Customer_073,Bengaluru,active
c111,t0151,2025-01-13,2331.0,wallet,High,1,Customer_111,Coimbatore,active
c109,t0249,2025-01-11,3156.0,wallet,High,1,Customer_109,Hyderabad,active
c111,t0173,2025-01-23,6429.0,wallet,High,1,Customer_111,Coimbatore,active
c119,t0069,2025-02-22,3273.0,wallet,High,2,Customer_119,Coimbatore,inactive
c094,t0112,2025-03-09,4665.0,card,High,3,Customer_094,Chennai,active
c038,t0143,2025-01-09,4705.0,wallet,High,1,Customer_038,Bangalore,active
c142,t0031,2025-03-09,7171.0,wallet,High,3,Customer_142,Chennai,active
c004,t0135,2025-02-15,9847.0,upi,High,2,Customer_004,Trivandrum,active
c062,t0084,2025-03-15,4026.0,netbanking,High,3,Customer_062,Trivandrum,active
c016,t0152,2025-03-17,9402.0,upi,High,3,Customer_016,Coimbatore,active
c030,t0157,2025-02-05,3905.0,netbanking,High,2,Customer_030,Chennai,active
c120,t0011,2025-03-31,6243.0,card,High,3,Customer_120,Hyderabad,active
c098,t0006,2025-02-05,4333.0,cash,High,2,Customer_098,Coimbatore,active
c019,t0273,2025-02-27,8676.0,upi,High,2,Customer_019,Trivandrum,active
c141,t0266,2025-03-11,5114.0,card,High,3,Customer_141,Trivandrm,active
c144,t0205,2025-02-18,5581.0,card,High,2,Customer_144,Kochi,active
c075,t0039,2025-03-31,8242.0,cash,High,3,Customer_075,Pune,active
c101,t0204,2025-01-17,1588.0,upi,High,1,Customer_101,Pune,active
c084,t0005,2025-01-28,5555.0,upi,High,1,Customer_084,Trivandrum,active
c127,t0024,2025-02-11,8188.0,card,High,2,Customer_127,Kochi,active
c111,t0146,2025-01-13,9233.0,card,High,1,Customer_111,Coimbatore,active
c117,t0067,2025-01-12,4335.0,upi,High,1,Customer_117,Hyderabad,active
c080,t0191,2025-03-01,816.0,cash,High,3,Customer_080,Chennai,inactive
c011,t0016,2025-02-14,7218.0,upi,High,2,Customer_011,Mumbai,inactive
c121,t0077,2025-02-01,9231.0,card,High,2,Customer_121,Hyderabad,active
c033,t0010,2025-03-02,9440.0,card,High,3,Customer_033,Kochi,active
c065,t0134,2025-01-23,622.0,card,High,1,Customer_065,Kochi,active
c018,t0189,2025-03-02,5161.0,upi,High,3,Customer_018,Hyderabad,active
c011,t0194,2025-02-27,3284.0,upi,High,2,Customer_011,Mumbai,inactive
c053,t0171,2025-02-08,2448.0,upi,High,2,Customer_053,Mumbai,active
c140,t0101,2025-01-21,7437.0,upi,High,1,Customer_140,Hyderabad,active
c052,t0243,2025-01-06,5280.0,wallet,High,1,Customer_052,Mumbai,active
c040,t0186,2025-03-25,3102.0,netbanking,High,3,Customer_040,Trivandrum,inactive
c037,t0288,2025-02-10,5858.0,netbanking,High,2,Customer_037,Trivandrum,active
c055,t0129,2025-03-24,9983.0,cash,High,3,Customer_055,Coimbatore,inactive
c011,t0197,2025-02-01,7399.0,wallet,High,2,Customer_011,Mumbai,inactive
c104,t0254,2025-02-16,2821.0,cash,High,2,Customer_104,Mumbai,active
c055,t0208,2025-02-13,3345.0,card,High,2,Customer_055,Coimbatore,inactive
c142,t0074,2025-02-22,3881.0,cash,High,2,Customer_142,Chennai,active
c144,t0158,2025-03-21,9321.0,cash,High,3,Customer_144,Kochi,active
c002,t0087,2025-02-12,7413.0,cash,High,2,Customer_002,Chennai,active
c110,t0149,2025-02-10,6332.0,card,High,2,Customer_110,Coimbatore,active
c078,t0140,2025-02-28,710.0,cash,High,2,Customer_078,Trivandrum,inactive
c023,t0022,2025-02-05,4195.0,netbanking,High,2,Customer_023,Coimbatore,active
c068,t0116,2025-03-10,7651.0,upi,High,3,Customer_068,Kochi,active
c014,t0165,2025-01-20,1015.0,cash,High,1,Customer_014,Kochi,active
c018,t0256,2025-01-31,6201.0,upi,High,1,Customer_018,Hyderabad,active
c018,t0017,2025-03-06,5790.0,cash,High,3,Customer_018,Hyderabad,active
c135,t0088,2025-02-28,2561.0,netbanking,High,2,Customer_135,Coimbatore,active
c043,t0056,2025-02-09,9525.0,upi,High,2,Customer_043,Chennai,inactive
c080,t0215,2025-03-02,6226.0,wallet,High,3,Customer_080,Chennai,inactive
c033,t0279,2025-03-22,8940.0,cash,High,3,Customer_033,Kochi,active
c111,t0299,2025-01-18,6192.0,netbanking,High,1,Customer_111,Coimbatore,active
c118,t0019,2025-01-20,3085.0,wallet,High,1,Customer_118,Hyderabad,active
c070,t0166,2025-02-26,8157.0,wallet,High,2,Customer_070,Chennai,active
c132,t0232,2025-03-15,2552.0,upi,High,3,Customer_132,Mumbai,inactive
c111,t0147,2025-02-27,6979.0,upi,High,2,Customer_111,Coimbatore,active
c112,t0253,2025-02-05,1139.0,cash,High,2,Customer_112,Coimbatore,active
c051,t0054,2025-02-24,9122.0,card,High,2,Customer_051,Trivandrum,active
c108,t0137,2025-03-09,1241.0,netbanking,High,3,Customer_108,Pune,active
c030,t0012,2025-01-21,1971.0,wallet,High,1,Customer_030,Chennai,active
c039,t0228,2025-03-12,8847.0,netbanking,High,3,Customer_039,Kochi,active
c143,t0115,2025-02-16,6664.0,cash,High,2,Customer_143,Coimbatore,active
c093,t0207,2025-01-03,5260.0,card,High,1,Customer_093,Chennai,active
c095,t0258,2025-02-17,1459.0,wallet,High,2,Customer_095,Pune,active
c013,t0130,2025-02-12,2263.0,wallet,High,2,Customer_013,Pune,active
c068,t0283,2025-03-25,9573.0,netbanking,High,3,Customer_068,Kochi,active
c063,t0030,2025-02-09,6246.0,netbanking,High,2,Customer_063,Chennai,active
c135,t0206,2025-01-12,7137.0,wallet,High,1,Customer_135,Coimbatore,active
c121,t0298,2025-02-06,333.0,cash,Medium,2,Customer_121,Hyderabad,active
c129,t0280,2025-03-24,9896.0,wallet,High,3,Customer_129,Bengaluru,active
c113,t0216,2025-03-01,6456.0,wallet,High,3,Customer_113,Kochi,active
c123,t0042,2025-01-15,6765.0,netbanking,High,1,Customer_123,Bengaluru,active
c115,t0138,2025-02-16,9926.0,cash,High,2,Customer_115,Pune,active
c045,t0267,2025-02-16,3873.0,cash,High,2,Customer_045,Coimbatore,inactive
c049,t0245,2025-02-06,983.0,upi,High,2,Customer_049,Bengaluru,active
c114,t0252,2025-02-14,893.0,upi,High,2,Customer_114,Bengaluru,active
c116,t0291,2025-02-01,1786.0,cash,High,2,Customer_116,Trivandrum,active
c147,t0234,2025-02-23,1602.0,wallet,High,2,Customer_147,Hyderabad,inactive
c012,t0085,2025-02-10,6446.0,netbanking,High,2,Customer_012,Coimbatore,active
c078,t0015,2025-03-29,2183.0,wallet,High,3,Customer_078,Trivandrum,inactive
c021,t0203,2025-03-16,5931.0,upi,High,3,Customer_021,Bengaluru,active
c114,t0167,2025-02-23,3731.0,wallet,High,2,Customer_114,Bengaluru,active
c070,t0020,2025-03-20,8121.0,netbanking,High,3,Customer_070,Chennai,active
c102,t0090,2025-03-25,5583.0,wallet,High,3,Customer_102,Bengaluru,active
c102,t0244,2025-03-11,4350.0,cash,High,3,Customer_102,Bengaluru,active
c133,t0276,2025-01-20,2897.0,card,High,1,Customer_133,Trivandrum,active
c071,t0128,2025-01-25,7650.0,cash,High,1,Customer_071,Chennai,active
c148,t0155,2025-03-06,2735.0,netbanking,High,3,Customer_148,Coimbatore,active
c093,t0235,2025-01-09,9114.0,wallet,High,1,Customer_093,Chennai,active
c121,t0226,2025-03-31,7885.0,netbanking,High,3,Customer_121,Hyderabad,active
c032,t0153,2025-02-22,7129.0,cash,High,2,Customer_032,Mumbai,inactive
c021,t0098,2025-03-20,4145.0,netbanking,High,3,Customer_021,Bengaluru,active
c027,t0065,2025-01-21,6944.0,netbanking,High,1,Customer_027,Coimbatore,inactive
c034,t0275,2025-02-25,1107.0,cash,High,2,Customer_034,Hyderabad,active
c093,t0070,2025-03-21,7442.0,cash,High,3,Customer_093,Chennai,active
c038,t0185,2025-02-02,3042.0,wallet,High,2,Customer_038,Bangalore,active
c070,t0246,2025-01-16,7359.0,netbanking,High,1,Customer_070,Chennai,active
c114,t0094,2025-01-22,674.0,cash,High,1,Customer_114,Bengaluru,active
c068,t0049,2025-03-26,2773.0,card,High,3,Customer_068,Kochi,active
c034,t0289,2025-02-17,9402.0,cash,High,2,Customer_034,Hyderabad,active
c058,t0008,2025-03-25,859.0,cash,High,3,Customer_058,Trivandrm,active
c011,t0109,2025-02-09,746.0,wallet,High,2,Customer_011,Mumbai,inactive
c027,t0239,2025-03-16,2385.0,cash,High,3,Customer_027,Coimbatore,inactive
c104,t0178,2025-01-03,3015.0,wallet,High,1,Customer_104,Mumbai,active
c112,t0021,2025-03-17,5480.0,card,High,3,Customer_112,Coimbatore,active
c036,t0209,2025-01-20,5046.0,cash,High,1,Customer_036,Hyderabad,active
c137,t0002,2025-01-04,9897.0,wallet,High,1,Customer_137,Hyderabad,active
c150,t0099,2025-01-19,7755.0,upi,High,1,Customer_150,Mumbai,active
c014,t0200,2025-03-22,5682.0,cash,High,3,Customer_014,Kochi,active
c031,t0045,2025-03-13,9966.0,wallet,High,3,Customer_031,Trivandrum,active
c119,t0187,2025-03-14,7554.0,wallet,High,3,Customer_119,Coimbatore,inactive
c065,t0060,2025-01-04,3950.0,wallet,High,1,Customer_065,Kochi,active
c076,t0251,2025-02-09,7181.0,card,High,2,Customer_076,Pune,active
c028,t0104,2025-01-31,9570.0,upi,High,1,Customer_028,Chennai,active
c072,t0260,2025-02-01,624.0,card,High,2,Customer_072,Bengaluru,inactive
c105,t0051,2025-02-27,7899.0,upi,High,2,Customer_105,Bengaluru,active
c069,t0080,2025-01-01,5091.0,wallet,High,1,Customer_069,Poona,active
c040,t0089,2025-01-10,4542.0,upi,High,1,Customer_040,Trivandrum,inactive
c095,t0192,2025-02-06,1679.0,wallet,High,2,Customer_095,Pune,active
c139,t0123,2025-02-23,2731.0,netbanking,High,2,Customer_139,Bengaluru,active
c053,t0071,2025-02-04,2346.0,upi,High,2,Customer_053,Mumbai,active
c002,t0169,2025-03-04,5253.0,cash,High,3,Customer_002,Chennai,active
c114,t0142,2025-01-10,5477.0,wallet,High,1,Customer_114,Bengaluru,active
c118,t0242,2025-01-05,3502.0,cash,High,1,Customer_118,Hyderabad,active
c113,t0041,2025-02-13,1041.0,upi,High,2,Customer_113,Kochi,active
c038,t0221,2025-02-25,3837.0,netbanking,High,2,Customer_038,Bangalore,active
c113,t0057,2025-01-16,5182.0,netbanking,High,1,Customer_113,Kochi,active
c062,t0028,2025-03-30,8241.0,netbanking,High,3,Customer_062,Trivandrum,active
c124,t0035,2025-02-05,8795.0,wallet,High,2,Customer_124,Chennai,active
c078,t0285,2025-03-03,6853.0,upi,High,3,Customer_078,Trivandrum,inactive
c007,t0003,2025-01-11,7222.0,card,High,1,Customer_007,Kochi,active
c039,t0044,2025-03-14,1595.0,card,High,3,Customer_039,Kochi,active
c009,t0052,2025-01-30,4832.0,netbanking,High,1,Customer_009,Pune,active
c075,t0172,2025-02-11,326.0,netbanking,Medium,2,Customer_075,Pune,active
c110,t0233,2025-01-01,5980.0,card,High,1,Customer_110,Coimbatore,active
c026,t0124,2025-03-04,6886.0,upi,High,3,Customer_026,Hyderabad,active
c030,t0068,2025-02-21,218.0,wallet,Medium,2,Customer_030,Chennai,active
c074,t0154,2025-03-18,5961.0,cash,High,3,Customer_074,Trivandrum,active
c084,t0095,2025-01-08,6073.0,upi,High,1,Customer_084,Trivandrum,active
c052,t0268,2025-01-18,8294.0,cash,High,1,Customer_052,Mumbai,active
c119,t0004,2025-01-24,4462.0,netbanking,High,1,Customer_119,Coimbatore,inactive
c130,t0210,2025-03-11,818.0,upi,High,3,Customer_130,Cmbt,active
c041,t0293,2025-02-11,5323.0,card,High,2,Customer_041,Hyd,inactive
c029,t0231,2025-03-05,8982.0,cash,High,3,Customer_029,Kochi,active
c020,t0176,2025-02-10,7233.0,wallet,High,2,Customer_020,Bengaluru,active
c096,t0224,2025-01-29,5421.0,cash,High,1,Customer_096,Kochi,active
c029,t0229,2025-02-06,5134.0,cash,High,2,Customer_029,Kochi,active
c073,t0036,2025-01-13,5053.0,card,High,1,Customer_073,Bengaluru,active
c007,t0013,2025-02-09,6349.0,netbanking,High,2,Customer_007,Kochi,active
c013,t0230,2025-01-31,7689.0,cash,High,1,Customer_013,Pune,active
c028,t0180,2025-02-01,9848.0,netbanking,High,2,Customer_028,Chennai,active
c068,t0262,2025-02-03,3715.0,wallet,High,2,Customer_068,Kochi,active
c030,t0168,2025-02-14,2016.0,upi,High,2,Customer_030,Chennai,active
c036,t0218,2025-02-02,8073.0,upi,High,2,Customer_036,Hyderabad,active
c093,t0037,2025-01-23,431.0,wallet,Medium,1,Customer_093,Chennai,active
c083,t0277,2025-01-29,8701.0,upi,High,1,Customer_083,Kochi,active
c122,t0195,2025-03-06,1213.0,netbanking,High,3,Customer_122,Pune,active
c057,t0170,2025-02-20,1097.0,cash,High,2,Customer_057,Trivandrum,active
c117,t0103,2025-02-08,6502.0,netbanking,High,2,Customer_117,Hyderabad,active
c138,t0122,2025-01-18,7632.0,upi,High,1,Customer_138,Hyderabad,active
c019,t0043,2025-03-15,1078.0,card,High,3,Customer_019,Trivandrum,active
c045,t0062,2025-03-02,7445.0,upi,High,3,Customer_045,Coimbatore,inactive
c138,t0082,2025-03-03,5646.0,wallet,High,3,Customer_138,Hyderabad,active
c094,t0110,2025-01-17,5035.0,upi,High,1,Customer_094,Chennai,active
c119,t0075,2025-01-16,2722.0,netbanking,High,1,Customer_119,Coimbatore,inactive
c108,t0018,2025-03-04,7302.0,upi,High,3,Customer_108,Pune,active
c060,t0118,2025-03-02,9398.0,upi,High,3,Customer_060,Bengaluru,active
c134,t0198,2025-03-20,6162.0,upi,High,3,Customer_134,Pune,inactive
c002,t0227,2025-01-11,4393.0,card,High,1,Customer_002,Chennai,active
c075,t0292,2025-02-19,7050.0,card,High,2,Customer_075,Pune,active
c091,t0297,2025-01-07,4809.0,netbanking,High,1,Customer_091,Hyderabad,active
c116,t0139,2025-03-06,910.0,wallet,High,3,Customer_116,Trivandrum,active
c001,t0133,2025-02-05,2329.0,wallet,High,2,Customer_001,Trivandrum,active
c035,t0264,2025-01-10,3028.0,netbanking,High,1,Customer_035,Hyderabad,active
c102,t0175,2025-01-06,507.0,netbanking,High,1,Customer_102,Bengaluru,active
c150,t0144,2025-03-12,6440.0,wallet,High,3,Customer_150,Mumbai,active
c099,t0078,2025-01-25,8527.0,card,High,1,Customer_099,Bengaluru,inactive
c039,t0055,2025-02-04,1369.0,cash,High,2,Customer_039,Kochi,active
c128,t0248,2025-02-17,4569.0,cash,High,2,Customer_128,Trivandrum,inactive
c113,t0247,2025-02-19,3260.0,netbanking,High,2,Customer_113,Kochi,active
c059,t0174,2025-03-06,6002.0,cash,High,3,Customer_059,Chennai,active
c018,t0079,2025-02-05,5768.0,wallet,High,2,Customer_018,Hyderabad,active
c105,t0272,2025-03-15,2253.0,upi,High,3,Customer_105,Bengaluru,active
c122,t0150,2025-01-09,1598.0,cash,High,1,Customer_122,Pune,active
